                  epoch,         train/box_loss,         train/cls_loss,         train/dfl_loss,   metrics/precision(B),      metrics/recall(B),       metrics/mAP50(B),    metrics/mAP50-95(B),           val/box_loss,           val/cls_loss,           val/dfl_loss,                 lr/pg0,                 lr/pg1,                 lr/pg2
                      1,                0.61607,                 2.7617,                 1.0351,                0.00333,                      1,                0.23507,                0.18252,                0.25034,                 3.0598,                0.83272,                      0,                      0,                      0
                      2,                0.69112,                 2.8062,                 1.1264,                0.00333,                      1,                0.33044,                0.25397,                0.23163,                 3.0511,                0.81968,              1.604e-05,              1.604e-05,              1.604e-05
                      3,                0.78936,                 2.7934,                 1.2286,                0.00333,                      1,                0.50114,                0.45101,                0.23838,                 3.0473,                 0.8145,              2.416e-05,              2.416e-05,              2.416e-05
                      4,                0.55292,                 2.6698,                0.93659,                0.00333,                      1,                0.54125,                0.48736,                0.24619,                 3.0427,                0.80888,              2.436e-05,              2.436e-05,              2.436e-05
                      5,                0.48787,                 2.4876,                 1.0073,                0.00333,                      1,                 0.7145,                0.66314,                0.25161,                 3.0391,                0.80617,              1.664e-05,              1.664e-05,              1.664e-05
